<?xml version="1.0" encoding="UTF-8"?>
<GenRun Id="synth_1" LaunchPart="xc7k70tfbv676-1" LaunchTime="1691495047">
  <File Type="PA-TCL" Name="Single_Cycle_Top.tcl"/>
  <File Type="RDS-PROPCONSTRS" Name="Single_Cycle_Top_drc_synth.rpt"/>
  <File Type="REPORTS-TCL" Name="Single_Cycle_Top_reports.tcl"/>
  <File Type="RDS-RDS" Name="Single_Cycle_Top.vds"/>
  <File Type="RDS-UTIL" Name="Single_Cycle_Top_utilization_synth.rpt"/>
  <File Type="RDS-UTIL-PB" Name="Single_Cycle_Top_utilization_synth.pb"/>
  <File Type="RDS-DCP" Name="Single_Cycle_Top.dcp"/>
  <File Type="VDS-TIMINGSUMMARY" Name="Single_Cycle_Top_timing_summary_synth.rpt"/>
  <File Type="VDS-TIMING-PB" Name="Single_Cycle_Top_timing_summary_synth.pb"/>
  <FileSet Name="sources" Type="DesignSrcs" RelSrcDir="$PSRCDIR/sources_1">
    <Filter Type="Srcs"/>
    <File Path="$PSRCDIR/sources_1/imports/new/ALU.v">
      <FileInfo SFType="VHeader">
        <Attr Name="ImportPath" Val="$PPRDIR/../Single_Cycle_Processor_V_1.2/Single_Cycle_Processor_V_1.2.srcs/sources_1/new/ALU.v"/>
        <Attr Name="ImportTime" Val="1690802316"/>
        <Attr Name="UsedIn" Val="synthesis"/>
        <Attr Name="UsedIn" Val="simulation"/>
      </FileInfo>
    </File>
    <File Path="$PSRCDIR/sources_1/imports/new/ALU_Decoder.v">
      <FileInfo SFType="VHeader">
        <Attr Name="ImportPath" Val="$PPRDIR/../Single_Cycle_Processor_V_1.2/Single_Cycle_Processor_V_1.2.srcs/sources_1/new/ALU_Decoder.v"/>
        <Attr Name="ImportTime" Val="1690803330"/>
        <Attr Name="UsedIn" Val="synthesis"/>
        <Attr Name="UsedIn" Val="simulation"/>
      </FileInfo>
    </File>
    <File Path="$PSRCDIR/sources_1/imports/new/Main_Decoder.v">
      <FileInfo SFType="VHeader">
        <Attr Name="ImportPath" Val="$PPRDIR/../Single_Cycle_Processor_V_1.2/Single_Cycle_Processor_V_1.2.srcs/sources_1/new/Main_Decoder.v"/>
        <Attr Name="ImportTime" Val="1690633733"/>
        <Attr Name="UsedIn" Val="synthesis"/>
        <Attr Name="UsedIn" Val="simulation"/>
      </FileInfo>
    </File>
    <File Path="$PSRCDIR/sources_1/imports/new/Control_Unit_Top.v">
      <FileInfo SFType="VHeader">
        <Attr Name="ImportPath" Val="$PPRDIR/../Single_Cycle_Processor_V_1.2/Single_Cycle_Processor_V_1.2.srcs/sources_1/new/Control_Unit_Top.v"/>
        <Attr Name="ImportTime" Val="1690809797"/>
        <Attr Name="UsedIn" Val="synthesis"/>
        <Attr Name="UsedIn" Val="simulation"/>
      </FileInfo>
    </File>
    <File Path="$PSRCDIR/sources_1/imports/new/Data_Memory.v">
      <FileInfo SFType="VHeader">
        <Attr Name="ImportPath" Val="$PPRDIR/../Single_Cycle_Processor_V_1.2/Single_Cycle_Processor_V_1.2.srcs/sources_1/new/Data_Memory.v"/>
        <Attr Name="ImportTime" Val="1690462995"/>
        <Attr Name="UsedIn" Val="synthesis"/>
        <Attr Name="UsedIn" Val="simulation"/>
      </FileInfo>
    </File>
    <File Path="$PSRCDIR/sources_1/imports/new/Instruction_Memory.v">
      <FileInfo SFType="VHeader">
        <Attr Name="ImportPath" Val="$PPRDIR/../Single_Cycle_Processor_V_1.2/Single_Cycle_Processor_V_1.2.srcs/sources_1/new/Instruction_Memory.v"/>
        <Attr Name="ImportTime" Val="1691079032"/>
        <Attr Name="UsedIn" Val="synthesis"/>
        <Attr Name="UsedIn" Val="simulation"/>
      </FileInfo>
    </File>
    <File Path="$PSRCDIR/sources_1/imports/new/MUX_2_by_1.v">
      <FileInfo SFType="VHeader">
        <Attr Name="ImportPath" Val="$PPRDIR/../Single_Cycle_Processor_V_1.2/Single_Cycle_Processor_V_1.2.srcs/sources_1/new/MUX_2_by_1.v"/>
        <Attr Name="ImportTime" Val="1690803057"/>
        <Attr Name="UsedIn" Val="synthesis"/>
        <Attr Name="UsedIn" Val="simulation"/>
      </FileInfo>
    </File>
    <File Path="$PSRCDIR/sources_1/imports/new/PC_Adder.v">
      <FileInfo SFType="VHeader">
        <Attr Name="ImportPath" Val="$PPRDIR/../Single_Cycle_Processor_V_1.2/Single_Cycle_Processor_V_1.2.srcs/sources_1/new/PC_Adder.v"/>
        <Attr Name="ImportTime" Val="1690977218"/>
        <Attr Name="UsedIn" Val="synthesis"/>
        <Attr Name="UsedIn" Val="simulation"/>
      </FileInfo>
    </File>
    <File Path="$PSRCDIR/sources_1/imports/new/Program_Counter.v">
      <FileInfo SFType="VHeader">
        <Attr Name="ImportPath" Val="$PPRDIR/../Single_Cycle_Processor_V_1.2/Single_Cycle_Processor_V_1.2.srcs/sources_1/new/Program_Counter.v"/>
        <Attr Name="ImportTime" Val="1689766424"/>
        <Attr Name="UsedIn" Val="synthesis"/>
        <Attr Name="UsedIn" Val="simulation"/>
      </FileInfo>
    </File>
    <File Path="$PSRCDIR/sources_1/imports/new/Register_File.v">
      <FileInfo SFType="VHeader">
        <Attr Name="ImportPath" Val="$PPRDIR/../Single_Cycle_Processor_V_1.2/Single_Cycle_Processor_V_1.2.srcs/sources_1/new/Register_File.v"/>
        <Attr Name="ImportTime" Val="1690374608"/>
        <Attr Name="UsedIn" Val="synthesis"/>
        <Attr Name="UsedIn" Val="simulation"/>
      </FileInfo>
    </File>
    <File Path="$PSRCDIR/sources_1/imports/new/Sign_Extend.v">
      <FileInfo SFType="VHeader">
        <Attr Name="ImportPath" Val="$PPRDIR/../Single_Cycle_Processor_V_1.2/Single_Cycle_Processor_V_1.2.srcs/sources_1/new/Sign_Extend.v"/>
        <Attr Name="ImportTime" Val="1690643727"/>
        <Attr Name="UsedIn" Val="synthesis"/>
        <Attr Name="UsedIn" Val="simulation"/>
      </FileInfo>
    </File>
    <File Path="$PSRCDIR/sources_1/imports/new/Single_Cycle_Top.v">
      <FileInfo>
        <Attr Name="ImportPath" Val="$PPRDIR/../Single_Cycle_Processor_V_1.2/Single_Cycle_Processor_V_1.2.srcs/sources_1/new/Single_Cycle_Top.v"/>
        <Attr Name="ImportTime" Val="1691078346"/>
        <Attr Name="UsedIn" Val="synthesis"/>
        <Attr Name="UsedIn" Val="implementation"/>
        <Attr Name="UsedIn" Val="simulation"/>
      </FileInfo>
    </File>
    <Config>
      <Option Name="DesignMode" Val="RTL"/>
      <Option Name="TopModule" Val="Single_Cycle_Top"/>
      <Option Name="TopAutoSet" Val="TRUE"/>
    </Config>
  </FileSet>
  <FileSet Name="constrs_in" Type="Constrs" RelSrcDir="$PSRCDIR/constrs_1">
    <Filter Type="Constrs"/>
    <File Path="$PSRCDIR/constrs_1/new/Timing_Constraint.xdc">
      <FileInfo>
        <Attr Name="UsedIn" Val="synthesis"/>
        <Attr Name="UsedIn" Val="implementation"/>
      </FileInfo>
    </File>
    <Config>
      <Option Name="ConstrsType" Val="XDC"/>
    </Config>
  </FileSet>
  <Strategy Version="1" Minor="2">
    <StratHandle Name="Vivado Synthesis Defaults" Flow="Vivado Synthesis 2018">
      <Desc>Vivado Synthesis Defaults</Desc>
    </StratHandle>
    <Step Id="synth_design"/>
  </Strategy>
</GenRun>
