<?xml version="1.0" encoding="UTF-8"?>
<GenRun Id="synth_1" LaunchPart="xc7a100tcsg324-1" LaunchTime="1711520552">
  <File Type="PA-TCL" Name="Pipeline_top.tcl"/>
  <File Type="RDS-PROPCONSTRS" Name="Pipeline_top_drc_synth.rpt"/>
  <File Type="REPORTS-TCL" Name="Pipeline_top_reports.tcl"/>
  <File Type="RDS-RDS" Name="Pipeline_top.vds"/>
  <File Type="RDS-UTIL" Name="Pipeline_top_utilization_synth.rpt"/>
  <File Type="RDS-UTIL-PB" Name="Pipeline_top_utilization_synth.pb"/>
  <File Type="RDS-DCP" Name="Pipeline_top.dcp"/>
  <File Type="VDS-TIMINGSUMMARY" Name="Pipeline_top_timing_summary_synth.rpt"/>
  <File Type="VDS-TIMING-PB" Name="Pipeline_top_timing_summary_synth.pb"/>
  <FileSet Name="sources" Type="DesignSrcs" RelSrcDir="$PSRCDIR/sources_1">
    <Filter Type="Srcs"/>
    <File Path="$PSRCDIR/sources_1/imports/new/ALU.v">
      <FileInfo>
        <Attr Name="ImportPath" Val="$PPRDIR/../Pipline_Five_v_3.0/Pipline_Five_v_2.0.srcs/sources_1/new/ALU.v"/>
        <Attr Name="ImportTime" Val="1704992894"/>
        <Attr Name="UsedIn" Val="synthesis"/>
        <Attr Name="UsedIn" Val="implementation"/>
        <Attr Name="UsedIn" Val="simulation"/>
      </FileInfo>
    </File>
    <File Path="$PSRCDIR/sources_1/imports/new/ALU_Decoder.v">
      <FileInfo>
        <Attr Name="ImportPath" Val="$PPRDIR/../Pipline_Five_v_3.0/Pipline_Five_v_2.0.srcs/sources_1/new/ALU_Decoder.v"/>
        <Attr Name="ImportTime" Val="1710464326"/>
        <Attr Name="UsedIn" Val="synthesis"/>
        <Attr Name="UsedIn" Val="implementation"/>
        <Attr Name="UsedIn" Val="simulation"/>
      </FileInfo>
    </File>
    <File Path="$PSRCDIR/sources_1/imports/new/Adder.v">
      <FileInfo>
        <Attr Name="ImportPath" Val="$PPRDIR/../Pipline_Five_v_3.0/Pipline_Five_v_2.0.srcs/sources_1/new/Adder.v"/>
        <Attr Name="ImportTime" Val="1704992894"/>
        <Attr Name="UsedIn" Val="synthesis"/>
        <Attr Name="UsedIn" Val="implementation"/>
        <Attr Name="UsedIn" Val="simulation"/>
      </FileInfo>
    </File>
    <File Path="$PSRCDIR/sources_1/imports/new/Main_Decoder.v">
      <FileInfo>
        <Attr Name="ImportPath" Val="$PPRDIR/../Pipline_Five_v_3.0/Pipline_Five_v_2.0.srcs/sources_1/new/Main_Decoder.v"/>
        <Attr Name="ImportTime" Val="1704992894"/>
        <Attr Name="UsedIn" Val="synthesis"/>
        <Attr Name="UsedIn" Val="implementation"/>
        <Attr Name="UsedIn" Val="simulation"/>
      </FileInfo>
    </File>
    <File Path="$PSRCDIR/sources_1/imports/new/Control_Unit_Top.v">
      <FileInfo>
        <Attr Name="ImportPath" Val="$PPRDIR/../Pipline_Five_v_3.0/Pipline_Five_v_2.0.srcs/sources_1/new/Control_Unit_Top.v"/>
        <Attr Name="ImportTime" Val="1704992894"/>
        <Attr Name="UsedIn" Val="synthesis"/>
        <Attr Name="UsedIn" Val="implementation"/>
        <Attr Name="UsedIn" Val="simulation"/>
      </FileInfo>
    </File>
    <File Path="$PSRCDIR/sources_1/imports/new/Data_Memory.v">
      <FileInfo>
        <Attr Name="ImportPath" Val="$PPRDIR/../Pipline_Five_v_3.0/Pipline_Five_v_2.0.srcs/sources_1/new/Data_Memory.v"/>
        <Attr Name="ImportTime" Val="1704992894"/>
        <Attr Name="UsedIn" Val="synthesis"/>
        <Attr Name="UsedIn" Val="implementation"/>
        <Attr Name="UsedIn" Val="simulation"/>
      </FileInfo>
    </File>
    <File Path="$PSRCDIR/sources_1/imports/new/Decode_Cycle.v">
      <FileInfo>
        <Attr Name="ImportPath" Val="$PPRDIR/../Pipline_Five_v_3.0/Pipline_Five_v_2.0.srcs/sources_1/new/Decode_Cycle.v"/>
        <Attr Name="ImportTime" Val="1704992894"/>
        <Attr Name="UsedIn" Val="synthesis"/>
        <Attr Name="UsedIn" Val="implementation"/>
        <Attr Name="UsedIn" Val="simulation"/>
      </FileInfo>
    </File>
    <File Path="$PSRCDIR/sources_1/imports/new/Mux_2_by_1.v">
      <FileInfo>
        <Attr Name="ImportPath" Val="$PPRDIR/../Pipline_Five_v_3.0/Pipline_Five_v_2.0.srcs/sources_1/new/Mux_2_by_1.v"/>
        <Attr Name="ImportTime" Val="1704992894"/>
        <Attr Name="UsedIn" Val="synthesis"/>
        <Attr Name="UsedIn" Val="implementation"/>
        <Attr Name="UsedIn" Val="simulation"/>
      </FileInfo>
    </File>
    <File Path="$PSRCDIR/sources_1/imports/new/Mux_3_by_1.v">
      <FileInfo>
        <Attr Name="ImportPath" Val="$PPRDIR/../Pipline_Five_v_3.0/Pipline_Five_v_2.0.srcs/sources_1/new/Mux_3_by_1.v"/>
        <Attr Name="ImportTime" Val="1704992894"/>
        <Attr Name="UsedIn" Val="synthesis"/>
        <Attr Name="UsedIn" Val="implementation"/>
        <Attr Name="UsedIn" Val="simulation"/>
      </FileInfo>
    </File>
    <File Path="$PSRCDIR/sources_1/imports/new/Execute_Cycle.v">
      <FileInfo>
        <Attr Name="ImportPath" Val="$PPRDIR/../Pipline_Five_v_3.0/Pipline_Five_v_2.0.srcs/sources_1/new/Execute_Cycle.v"/>
        <Attr Name="ImportTime" Val="1704992894"/>
        <Attr Name="UsedIn" Val="synthesis"/>
        <Attr Name="UsedIn" Val="implementation"/>
        <Attr Name="UsedIn" Val="simulation"/>
      </FileInfo>
    </File>
    <File Path="$PSRCDIR/sources_1/imports/new/Program_Counter.v">
      <FileInfo>
        <Attr Name="ImportPath" Val="$PPRDIR/../Pipline_Five_v_3.0/Pipline_Five_v_2.0.srcs/sources_1/new/Program_Counter.v"/>
        <Attr Name="ImportTime" Val="1704992894"/>
        <Attr Name="UsedIn" Val="synthesis"/>
        <Attr Name="UsedIn" Val="implementation"/>
        <Attr Name="UsedIn" Val="simulation"/>
      </FileInfo>
    </File>
    <File Path="$PSRCDIR/sources_1/imports/new/Instruction_Memory.v">
      <FileInfo>
        <Attr Name="ImportPath" Val="$PPRDIR/../Pipline_Five_v_3.0/Pipline_Five_v_2.0.srcs/sources_1/new/Instruction_Memory.v"/>
        <Attr Name="ImportTime" Val="1704992894"/>
        <Attr Name="UsedIn" Val="synthesis"/>
        <Attr Name="UsedIn" Val="implementation"/>
        <Attr Name="UsedIn" Val="simulation"/>
      </FileInfo>
    </File>
    <File Path="$PSRCDIR/sources_1/imports/new/PC_Adder.v">
      <FileInfo>
        <Attr Name="ImportPath" Val="$PPRDIR/../Pipline_Five_v_3.0/Pipline_Five_v_2.0.srcs/sources_1/new/PC_Adder.v"/>
        <Attr Name="ImportTime" Val="1704992894"/>
        <Attr Name="UsedIn" Val="synthesis"/>
        <Attr Name="UsedIn" Val="implementation"/>
        <Attr Name="UsedIn" Val="simulation"/>
      </FileInfo>
    </File>
    <File Path="$PSRCDIR/sources_1/imports/new/Fetch_Cycle.v">
      <FileInfo>
        <Attr Name="ImportPath" Val="$PPRDIR/../Pipline_Five_v_3.0/Pipline_Five_v_2.0.srcs/sources_1/new/Fetch_Cycle.v"/>
        <Attr Name="ImportTime" Val="1704992894"/>
        <Attr Name="UsedIn" Val="synthesis"/>
        <Attr Name="UsedIn" Val="implementation"/>
        <Attr Name="UsedIn" Val="simulation"/>
      </FileInfo>
    </File>
    <File Path="$PSRCDIR/sources_1/imports/new/Hazard_Unit.v">
      <FileInfo>
        <Attr Name="ImportPath" Val="$PPRDIR/../Pipline_Five_v_3.0/Pipline_Five_v_2.0.srcs/sources_1/new/Hazard_Unit.v"/>
        <Attr Name="ImportTime" Val="1704992894"/>
        <Attr Name="UsedIn" Val="synthesis"/>
        <Attr Name="UsedIn" Val="implementation"/>
        <Attr Name="UsedIn" Val="simulation"/>
      </FileInfo>
    </File>
    <File Path="$PSRCDIR/sources_1/new/MAC_Decoder.v">
      <FileInfo>
        <Attr Name="UsedIn" Val="synthesis"/>
        <Attr Name="UsedIn" Val="implementation"/>
        <Attr Name="UsedIn" Val="simulation"/>
      </FileInfo>
    </File>
    <File Path="$PSRCDIR/sources_1/imports/new/Matric_MAC.v">
      <FileInfo>
        <Attr Name="ImportPath" Val="$PPRDIR/../MAC_Module_Only/MAC_Module_Only.srcs/sources_1/new/Matric_MAC.v"/>
        <Attr Name="ImportTime" Val="1710469089"/>
        <Attr Name="UsedIn" Val="synthesis"/>
        <Attr Name="UsedIn" Val="implementation"/>
        <Attr Name="UsedIn" Val="simulation"/>
      </FileInfo>
    </File>
    <File Path="$PSRCDIR/sources_1/imports/new/Memory_Cycle.v">
      <FileInfo>
        <Attr Name="ImportPath" Val="$PPRDIR/../Pipline_Five_v_3.0/Pipline_Five_v_2.0.srcs/sources_1/new/Memory_Cycle.v"/>
        <Attr Name="ImportTime" Val="1704992894"/>
        <Attr Name="UsedIn" Val="synthesis"/>
        <Attr Name="UsedIn" Val="implementation"/>
        <Attr Name="UsedIn" Val="simulation"/>
      </FileInfo>
    </File>
    <File Path="$PSRCDIR/sources_1/imports/new/Multplex_Reg_Disp.v">
      <FileInfo>
        <Attr Name="ImportPath" Val="$PPRDIR/../Pipline_Five_v_3.0/Pipline_Five_v_2.0.srcs/sources_1/new/Multplex_Reg_Disp.v"/>
        <Attr Name="ImportTime" Val="1704992894"/>
        <Attr Name="UsedIn" Val="synthesis"/>
        <Attr Name="UsedIn" Val="implementation"/>
        <Attr Name="UsedIn" Val="simulation"/>
      </FileInfo>
    </File>
    <File Path="$PSRCDIR/sources_1/imports/new/Register_File.v">
      <FileInfo>
        <Attr Name="ImportPath" Val="$PPRDIR/../Pipline_Five_v_3.0/Pipline_Five_v_2.0.srcs/sources_1/new/Register_File.v"/>
        <Attr Name="ImportTime" Val="1704992894"/>
        <Attr Name="UsedIn" Val="synthesis"/>
        <Attr Name="UsedIn" Val="implementation"/>
        <Attr Name="UsedIn" Val="simulation"/>
      </FileInfo>
    </File>
    <File Path="$PSRCDIR/sources_1/imports/new/Sign_Extend.v">
      <FileInfo>
        <Attr Name="ImportPath" Val="$PPRDIR/../Pipline_Five_v_3.0/Pipline_Five_v_2.0.srcs/sources_1/new/Sign_Extend.v"/>
        <Attr Name="ImportTime" Val="1704992894"/>
        <Attr Name="UsedIn" Val="synthesis"/>
        <Attr Name="UsedIn" Val="implementation"/>
        <Attr Name="UsedIn" Val="simulation"/>
      </FileInfo>
    </File>
    <File Path="$PSRCDIR/sources_1/imports/new/WriteBack_Cycle.v">
      <FileInfo>
        <Attr Name="ImportPath" Val="$PPRDIR/../Pipline_Five_v_3.0/Pipline_Five_v_2.0.srcs/sources_1/new/WriteBack_Cycle.v"/>
        <Attr Name="ImportTime" Val="1704992894"/>
        <Attr Name="UsedIn" Val="synthesis"/>
        <Attr Name="UsedIn" Val="implementation"/>
        <Attr Name="UsedIn" Val="simulation"/>
      </FileInfo>
    </File>
    <File Path="$PSRCDIR/sources_1/imports/new/debouncer_clock.v">
      <FileInfo>
        <Attr Name="ImportPath" Val="$PPRDIR/../Pipline_Five_v_3.0/Pipline_Five_v_2.0.srcs/sources_1/new/debouncer_clock.v"/>
        <Attr Name="ImportTime" Val="1704992894"/>
        <Attr Name="UsedIn" Val="synthesis"/>
        <Attr Name="UsedIn" Val="implementation"/>
        <Attr Name="UsedIn" Val="simulation"/>
      </FileInfo>
    </File>
    <File Path="$PSRCDIR/sources_1/imports/new/Slow_Clock.v">
      <FileInfo>
        <Attr Name="ImportPath" Val="$PPRDIR/../Pipline_Five_v_3.0/Pipline_Five_v_2.0.srcs/sources_1/new/Slow_Clock.v"/>
        <Attr Name="ImportTime" Val="1704992894"/>
        <Attr Name="UsedIn" Val="synthesis"/>
        <Attr Name="UsedIn" Val="implementation"/>
        <Attr Name="UsedIn" Val="simulation"/>
      </FileInfo>
    </File>
    <File Path="$PSRCDIR/sources_1/imports/new/Five_Stage_Pipeline_Top.v">
      <FileInfo>
        <Attr Name="ImportPath" Val="$PPRDIR/../Pipline_Five_v_3.0/Pipline_Five_v_2.0.srcs/sources_1/new/Five_Stage_Pipeline_Top.v"/>
        <Attr Name="ImportTime" Val="1704992894"/>
        <Attr Name="UsedIn" Val="synthesis"/>
        <Attr Name="UsedIn" Val="implementation"/>
        <Attr Name="UsedIn" Val="simulation"/>
      </FileInfo>
    </File>
    <File Path="$PSRCDIR/sources_1/imports/new/Controller.v">
      <FileInfo>
        <Attr Name="AutoDisabled" Val="1"/>
        <Attr Name="ImportPath" Val="$PPRDIR/../Pipline_Five_v_3.0/Pipline_Five_v_2.0.srcs/sources_1/new/Controller.v"/>
        <Attr Name="ImportTime" Val="1704992894"/>
        <Attr Name="UsedIn" Val="synthesis"/>
        <Attr Name="UsedIn" Val="implementation"/>
        <Attr Name="UsedIn" Val="simulation"/>
      </FileInfo>
    </File>
    <Config>
      <Option Name="DesignMode" Val="RTL"/>
      <Option Name="TopModule" Val="Pipeline_top"/>
      <Option Name="TopAutoSet" Val="TRUE"/>
    </Config>
  </FileSet>
  <FileSet Name="constrs_in" Type="Constrs" RelSrcDir="$PSRCDIR/constrs_1">
    <Filter Type="Constrs"/>
    <File Path="$PSRCDIR/constrs_1/new/const.xdc">
      <FileInfo>
        <Attr Name="UsedIn" Val="synthesis"/>
        <Attr Name="UsedIn" Val="implementation"/>
      </FileInfo>
    </File>
    <Config>
      <Option Name="TargetConstrsFile" Val="$PSRCDIR/constrs_1/new/const.xdc"/>
      <Option Name="ConstrsType" Val="XDC"/>
    </Config>
  </FileSet>
  <Strategy Version="1" Minor="2">
    <StratHandle Name="Vivado Synthesis Defaults" Flow="Vivado Synthesis 2018"/>
    <Step Id="synth_design"/>
  </Strategy>
</GenRun>
