<?xml version="1.0" encoding="UTF-8"?>
<GenRun Id="impl_1" LaunchPart="xc7k70tfbv676-1" LaunchTime="1691495176">
  <File Type="BITSTR-BMM" Name="Single_Cycle_Top_bd.bmm"/>
  <File Type="OPT-METHODOLOGY-DRC" Name="Single_Cycle_Top_methodology_drc_opted.rpt"/>
  <File Type="INIT-TIMING" Name="Single_Cycle_Top_timing_summary_init.rpt"/>
  <File Type="ROUTE-PWR" Name="Single_Cycle_Top_power_routed.rpt"/>
  <File Type="PA-TCL" Name="Single_Cycle_Top.tcl"/>
  <File Type="OPT-TIMING" Name="Single_Cycle_Top_timing_summary_opted.rpt"/>
  <File Type="OPT-DCP" Name="Single_Cycle_Top_opt.dcp"/>
  <File Type="ROUTE-PWR-SUM" Name="Single_Cycle_Top_power_summary_routed.pb"/>
  <File Type="REPORTS-TCL" Name="Single_Cycle_Top_reports.tcl"/>
  <File Type="OPT-DRC" Name="Single_Cycle_Top_drc_opted.rpt"/>
  <File Type="OPT-HWDEF" Name="Single_Cycle_Top.hwdef"/>
  <File Type="PWROPT-DCP" Name="Single_Cycle_Top_pwropt.dcp"/>
  <File Type="PWROPT-DRC" Name="Single_Cycle_Top_drc_pwropted.rpt"/>
  <File Type="PWROPT-TIMING" Name="Single_Cycle_Top_timing_summary_pwropted.rpt"/>
  <File Type="PLACE-DCP" Name="Single_Cycle_Top_placed.dcp"/>
  <File Type="PLACE-IO" Name="Single_Cycle_Top_io_placed.rpt"/>
  <File Type="PLACE-CLK" Name="Single_Cycle_Top_clock_utilization_placed.rpt"/>
  <File Type="PLACE-UTIL" Name="Single_Cycle_Top_utilization_placed.rpt"/>
  <File Type="PLACE-UTIL-PB" Name="Single_Cycle_Top_utilization_placed.pb"/>
  <File Type="PLACE-CTRL" Name="Single_Cycle_Top_control_sets_placed.rpt"/>
  <File Type="PLACE-SIMILARITY" Name="Single_Cycle_Top_incremental_reuse_placed.rpt"/>
  <File Type="PLACE-PRE-SIMILARITY" Name="Single_Cycle_Top_incremental_reuse_pre_placed.rpt"/>
  <File Type="BG-BGN" Name="Single_Cycle_Top.bgn"/>
  <File Type="PLACE-TIMING" Name="Single_Cycle_Top_timing_summary_placed.rpt"/>
  <File Type="POSTPLACE-PWROPT-DCP" Name="Single_Cycle_Top_postplace_pwropt.dcp"/>
  <File Type="BG-BIN" Name="Single_Cycle_Top.bin"/>
  <File Type="POSTPLACE-PWROPT-TIMING" Name="Single_Cycle_Top_timing_summary_postplace_pwropted.rpt"/>
  <File Type="PHYSOPT-DCP" Name="Single_Cycle_Top_physopt.dcp"/>
  <File Type="PHYSOPT-DRC" Name="Single_Cycle_Top_drc_physopted.rpt"/>
  <File Type="BITSTR-MSK" Name="Single_Cycle_Top.msk"/>
  <File Type="PHYSOPT-TIMING" Name="Single_Cycle_Top_timing_summary_physopted.rpt"/>
  <File Type="ROUTE-ERROR-DCP" Name="Single_Cycle_Top_routed_error.dcp"/>
  <File Type="ROUTE-DCP" Name="Single_Cycle_Top_routed.dcp"/>
  <File Type="ROUTE-BLACKBOX-DCP" Name="Single_Cycle_Top_routed_bb.dcp"/>
  <File Type="ROUTE-DRC" Name="Single_Cycle_Top_drc_routed.rpt"/>
  <File Type="ROUTE-DRC-PB" Name="Single_Cycle_Top_drc_routed.pb"/>
  <File Type="BITSTR-LTX" Name="debug_nets.ltx"/>
  <File Type="BITSTR-LTX" Name="Single_Cycle_Top.ltx"/>
  <File Type="ROUTE-DRC-RPX" Name="Single_Cycle_Top_drc_routed.rpx"/>
  <File Type="BITSTR-MMI" Name="Single_Cycle_Top.mmi"/>
  <File Type="ROUTE-METHODOLOGY-DRC" Name="Single_Cycle_Top_methodology_drc_routed.rpt"/>
  <File Type="ROUTE-METHODOLOGY-DRC-RPX" Name="Single_Cycle_Top_methodology_drc_routed.rpx"/>
  <File Type="BITSTR-SYSDEF" Name="Single_Cycle_Top.sysdef"/>
  <File Type="ROUTE-METHODOLOGY-DRC-PB" Name="Single_Cycle_Top_methodology_drc_routed.pb"/>
  <File Type="ROUTE-PWR-RPX" Name="Single_Cycle_Top_power_routed.rpx"/>
  <File Type="ROUTE-STATUS" Name="Single_Cycle_Top_route_status.rpt"/>
  <File Type="ROUTE-STATUS-PB" Name="Single_Cycle_Top_route_status.pb"/>
  <File Type="ROUTE-TIMINGSUMMARY" Name="Single_Cycle_Top_timing_summary_routed.rpt"/>
  <File Type="ROUTE-TIMING-PB" Name="Single_Cycle_Top_timing_summary_routed.pb"/>
  <File Type="ROUTE-TIMING-RPX" Name="Single_Cycle_Top_timing_summary_routed.rpx"/>
  <File Type="ROUTE-SIMILARITY" Name="Single_Cycle_Top_incremental_reuse_routed.rpt"/>
  <File Type="ROUTE-CLK" Name="Single_Cycle_Top_clock_utilization_routed.rpt"/>
  <File Type="ROUTE-BUS-SKEW" Name="Single_Cycle_Top_bus_skew_routed.rpt"/>
  <File Type="ROUTE-BUS-SKEW-PB" Name="Single_Cycle_Top_bus_skew_routed.pb"/>
  <File Type="ROUTE-BUS-SKEW-RPX" Name="Single_Cycle_Top_bus_skew_routed.rpx"/>
  <File Type="POSTROUTE-PHYSOPT-DCP" Name="Single_Cycle_Top_postroute_physopt.dcp"/>
  <File Type="POSTROUTE-PHYSOPT-BLACKBOX-DCP" Name="Single_Cycle_Top_postroute_physopt_bb.dcp"/>
  <File Type="POSTROUTE-PHYSOPT-TIMING" Name="Single_Cycle_Top_timing_summary_postroute_physopted.rpt"/>
  <File Type="POSTROUTE-PHYSOPT-TIMING-PB" Name="Single_Cycle_Top_timing_summary_postroute_physopted.pb"/>
  <File Type="POSTROUTE-PHYSOPT-TIMING-RPX" Name="Single_Cycle_Top_timing_summary_postroute_physopted.rpx"/>
  <File Type="POSTROUTE-PHYSOPT-BUS-SKEW" Name="Single_Cycle_Top_bus_skew_postroute_physopted.rpt"/>
  <File Type="POSTROUTE-PHYSOPT-BUS-SKEW-PB" Name="Single_Cycle_Top_bus_skew_postroute_physopted.pb"/>
  <File Type="BG-BIT" Name="Single_Cycle_Top.bit"/>
  <File Type="POSTROUTE-PHYSOPT-BUS-SKEW-RPX" Name="Single_Cycle_Top_bus_skew_postroute_physopted.rpx"/>
  <File Type="BITSTR-RBT" Name="Single_Cycle_Top.rbt"/>
  <File Type="BITSTR-NKY" Name="Single_Cycle_Top.nky"/>
  <File Type="BG-DRC" Name="Single_Cycle_Top.drc"/>
  <File Type="RDI-RDI" Name="Single_Cycle_Top.vdi"/>
  <File Type="WBT-USG" Name="usage_statistics_webtalk.html"/>
  <FileSet Name="sources" Type="DesignSrcs" RelSrcDir="$PSRCDIR/sources_1">
    <Filter Type="Srcs"/>
    <File Path="$PSRCDIR/sources_1/imports/new/ALU.v">
      <FileInfo SFType="VHeader">
        <Attr Name="ImportPath" Val="$PPRDIR/../Single_Cycle_Processor_V_1.2/Single_Cycle_Processor_V_1.2.srcs/sources_1/new/ALU.v"/>
        <Attr Name="ImportTime" Val="1690802316"/>
        <Attr Name="UsedIn" Val="synthesis"/>
        <Attr Name="UsedIn" Val="simulation"/>
      </FileInfo>
    </File>
    <File Path="$PSRCDIR/sources_1/imports/new/ALU_Decoder.v">
      <FileInfo SFType="VHeader">
        <Attr Name="ImportPath" Val="$PPRDIR/../Single_Cycle_Processor_V_1.2/Single_Cycle_Processor_V_1.2.srcs/sources_1/new/ALU_Decoder.v"/>
        <Attr Name="ImportTime" Val="1690803330"/>
        <Attr Name="UsedIn" Val="synthesis"/>
        <Attr Name="UsedIn" Val="simulation"/>
      </FileInfo>
    </File>
    <File Path="$PSRCDIR/sources_1/imports/new/Main_Decoder.v">
      <FileInfo SFType="VHeader">
        <Attr Name="ImportPath" Val="$PPRDIR/../Single_Cycle_Processor_V_1.2/Single_Cycle_Processor_V_1.2.srcs/sources_1/new/Main_Decoder.v"/>
        <Attr Name="ImportTime" Val="1690633733"/>
        <Attr Name="UsedIn" Val="synthesis"/>
        <Attr Name="UsedIn" Val="simulation"/>
      </FileInfo>
    </File>
    <File Path="$PSRCDIR/sources_1/imports/new/Control_Unit_Top.v">
      <FileInfo SFType="VHeader">
        <Attr Name="ImportPath" Val="$PPRDIR/../Single_Cycle_Processor_V_1.2/Single_Cycle_Processor_V_1.2.srcs/sources_1/new/Control_Unit_Top.v"/>
        <Attr Name="ImportTime" Val="1690809797"/>
        <Attr Name="UsedIn" Val="synthesis"/>
        <Attr Name="UsedIn" Val="simulation"/>
      </FileInfo>
    </File>
    <File Path="$PSRCDIR/sources_1/imports/new/Data_Memory.v">
      <FileInfo SFType="VHeader">
        <Attr Name="ImportPath" Val="$PPRDIR/../Single_Cycle_Processor_V_1.2/Single_Cycle_Processor_V_1.2.srcs/sources_1/new/Data_Memory.v"/>
        <Attr Name="ImportTime" Val="1690462995"/>
        <Attr Name="UsedIn" Val="synthesis"/>
        <Attr Name="UsedIn" Val="simulation"/>
      </FileInfo>
    </File>
    <File Path="$PSRCDIR/sources_1/imports/new/Instruction_Memory.v">
      <FileInfo SFType="VHeader">
        <Attr Name="ImportPath" Val="$PPRDIR/../Single_Cycle_Processor_V_1.2/Single_Cycle_Processor_V_1.2.srcs/sources_1/new/Instruction_Memory.v"/>
        <Attr Name="ImportTime" Val="1691079032"/>
        <Attr Name="UsedIn" Val="synthesis"/>
        <Attr Name="UsedIn" Val="simulation"/>
      </FileInfo>
    </File>
    <File Path="$PSRCDIR/sources_1/imports/new/MUX_2_by_1.v">
      <FileInfo SFType="VHeader">
        <Attr Name="ImportPath" Val="$PPRDIR/../Single_Cycle_Processor_V_1.2/Single_Cycle_Processor_V_1.2.srcs/sources_1/new/MUX_2_by_1.v"/>
        <Attr Name="ImportTime" Val="1690803057"/>
        <Attr Name="UsedIn" Val="synthesis"/>
        <Attr Name="UsedIn" Val="simulation"/>
      </FileInfo>
    </File>
    <File Path="$PSRCDIR/sources_1/imports/new/PC_Adder.v">
      <FileInfo SFType="VHeader">
        <Attr Name="ImportPath" Val="$PPRDIR/../Single_Cycle_Processor_V_1.2/Single_Cycle_Processor_V_1.2.srcs/sources_1/new/PC_Adder.v"/>
        <Attr Name="ImportTime" Val="1690977218"/>
        <Attr Name="UsedIn" Val="synthesis"/>
        <Attr Name="UsedIn" Val="simulation"/>
      </FileInfo>
    </File>
    <File Path="$PSRCDIR/sources_1/imports/new/Program_Counter.v">
      <FileInfo SFType="VHeader">
        <Attr Name="ImportPath" Val="$PPRDIR/../Single_Cycle_Processor_V_1.2/Single_Cycle_Processor_V_1.2.srcs/sources_1/new/Program_Counter.v"/>
        <Attr Name="ImportTime" Val="1689766424"/>
        <Attr Name="UsedIn" Val="synthesis"/>
        <Attr Name="UsedIn" Val="simulation"/>
      </FileInfo>
    </File>
    <File Path="$PSRCDIR/sources_1/imports/new/Register_File.v">
      <FileInfo SFType="VHeader">
        <Attr Name="ImportPath" Val="$PPRDIR/../Single_Cycle_Processor_V_1.2/Single_Cycle_Processor_V_1.2.srcs/sources_1/new/Register_File.v"/>
        <Attr Name="ImportTime" Val="1690374608"/>
        <Attr Name="UsedIn" Val="synthesis"/>
        <Attr Name="UsedIn" Val="simulation"/>
      </FileInfo>
    </File>
    <File Path="$PSRCDIR/sources_1/imports/new/Sign_Extend.v">
      <FileInfo SFType="VHeader">
        <Attr Name="ImportPath" Val="$PPRDIR/../Single_Cycle_Processor_V_1.2/Single_Cycle_Processor_V_1.2.srcs/sources_1/new/Sign_Extend.v"/>
        <Attr Name="ImportTime" Val="1690643727"/>
        <Attr Name="UsedIn" Val="synthesis"/>
        <Attr Name="UsedIn" Val="simulation"/>
      </FileInfo>
    </File>
    <File Path="$PSRCDIR/sources_1/imports/new/Single_Cycle_Top.v">
      <FileInfo>
        <Attr Name="ImportPath" Val="$PPRDIR/../Single_Cycle_Processor_V_1.2/Single_Cycle_Processor_V_1.2.srcs/sources_1/new/Single_Cycle_Top.v"/>
        <Attr Name="ImportTime" Val="1691078346"/>
        <Attr Name="UsedIn" Val="synthesis"/>
        <Attr Name="UsedIn" Val="implementation"/>
        <Attr Name="UsedIn" Val="simulation"/>
      </FileInfo>
    </File>
    <Config>
      <Option Name="DesignMode" Val="RTL"/>
      <Option Name="TopModule" Val="Single_Cycle_Top"/>
      <Option Name="TopAutoSet" Val="TRUE"/>
    </Config>
  </FileSet>
  <FileSet Name="constrs_in" Type="Constrs" RelSrcDir="$PSRCDIR/constrs_1">
    <Filter Type="Constrs"/>
    <File Path="$PSRCDIR/constrs_1/new/Timing_Constraint.xdc">
      <FileInfo>
        <Attr Name="UsedIn" Val="synthesis"/>
        <Attr Name="UsedIn" Val="implementation"/>
      </FileInfo>
    </File>
    <Config>
      <Option Name="ConstrsType" Val="XDC"/>
    </Config>
  </FileSet>
  <Strategy Version="1" Minor="2">
    <StratHandle Name="Vivado Implementation Defaults" Flow="Vivado Implementation 2018">
      <Desc>Default settings for Implementation.</Desc>
    </StratHandle>
    <Step Id="init_design"/>
    <Step Id="opt_design"/>
    <Step Id="power_opt_design"/>
    <Step Id="place_design"/>
    <Step Id="post_place_power_opt_design"/>
    <Step Id="phys_opt_design"/>
    <Step Id="route_design"/>
    <Step Id="post_route_phys_opt_design"/>
    <Step Id="write_bitstream"/>
  </Strategy>
</GenRun>
