<?xml version="1.0" encoding="UTF-8"?>
<GenRun Id="impl_1" LaunchPart="xc7a100tcsg324-1" LaunchTime="1702330300">
  <File Type="BITSTR-BMM" Name="Pipeline_top_bd.bmm"/>
  <File Type="OPT-METHODOLOGY-DRC" Name="Pipeline_top_methodology_drc_opted.rpt"/>
  <File Type="INIT-TIMING" Name="Pipeline_top_timing_summary_init.rpt"/>
  <File Type="ROUTE-PWR" Name="Pipeline_top_power_routed.rpt"/>
  <File Type="PA-TCL" Name="Pipeline_top.tcl"/>
  <File Type="OPT-TIMING" Name="Pipeline_top_timing_summary_opted.rpt"/>
  <File Type="OPT-DCP" Name="Pipeline_top_opt.dcp"/>
  <File Type="ROUTE-PWR-SUM" Name="Pipeline_top_power_summary_routed.pb"/>
  <File Type="REPORTS-TCL" Name="Pipeline_top_reports.tcl"/>
  <File Type="OPT-DRC" Name="Pipeline_top_drc_opted.rpt"/>
  <File Type="OPT-HWDEF" Name="Pipeline_top.hwdef"/>
  <File Type="PWROPT-DCP" Name="Pipeline_top_pwropt.dcp"/>
  <File Type="PWROPT-DRC" Name="Pipeline_top_drc_pwropted.rpt"/>
  <File Type="PWROPT-TIMING" Name="Pipeline_top_timing_summary_pwropted.rpt"/>
  <File Type="PLACE-DCP" Name="Pipeline_top_placed.dcp"/>
  <File Type="PLACE-IO" Name="Pipeline_top_io_placed.rpt"/>
  <File Type="PLACE-CLK" Name="Pipeline_top_clock_utilization_placed.rpt"/>
  <File Type="PLACE-UTIL" Name="Pipeline_top_utilization_placed.rpt"/>
  <File Type="PLACE-UTIL-PB" Name="Pipeline_top_utilization_placed.pb"/>
  <File Type="PLACE-CTRL" Name="Pipeline_top_control_sets_placed.rpt"/>
  <File Type="PLACE-SIMILARITY" Name="Pipeline_top_incremental_reuse_placed.rpt"/>
  <File Type="PLACE-PRE-SIMILARITY" Name="Pipeline_top_incremental_reuse_pre_placed.rpt"/>
  <File Type="BG-BGN" Name="Pipeline_top.bgn"/>
  <File Type="PLACE-TIMING" Name="Pipeline_top_timing_summary_placed.rpt"/>
  <File Type="POSTPLACE-PWROPT-DCP" Name="Pipeline_top_postplace_pwropt.dcp"/>
  <File Type="BG-BIN" Name="Pipeline_top.bin"/>
  <File Type="POSTPLACE-PWROPT-TIMING" Name="Pipeline_top_timing_summary_postplace_pwropted.rpt"/>
  <File Type="PHYSOPT-DCP" Name="Pipeline_top_physopt.dcp"/>
  <File Type="PHYSOPT-DRC" Name="Pipeline_top_drc_physopted.rpt"/>
  <File Type="BITSTR-MSK" Name="Pipeline_top.msk"/>
  <File Type="PHYSOPT-TIMING" Name="Pipeline_top_timing_summary_physopted.rpt"/>
  <File Type="ROUTE-ERROR-DCP" Name="Pipeline_top_routed_error.dcp"/>
  <File Type="ROUTE-DCP" Name="Pipeline_top_routed.dcp"/>
  <File Type="ROUTE-BLACKBOX-DCP" Name="Pipeline_top_routed_bb.dcp"/>
  <File Type="ROUTE-DRC" Name="Pipeline_top_drc_routed.rpt"/>
  <File Type="ROUTE-DRC-PB" Name="Pipeline_top_drc_routed.pb"/>
  <File Type="BITSTR-LTX" Name="debug_nets.ltx"/>
  <File Type="BITSTR-LTX" Name="Pipeline_top.ltx"/>
  <File Type="ROUTE-DRC-RPX" Name="Pipeline_top_drc_routed.rpx"/>
  <File Type="BITSTR-MMI" Name="Pipeline_top.mmi"/>
  <File Type="ROUTE-METHODOLOGY-DRC" Name="Pipeline_top_methodology_drc_routed.rpt"/>
  <File Type="ROUTE-METHODOLOGY-DRC-RPX" Name="Pipeline_top_methodology_drc_routed.rpx"/>
  <File Type="BITSTR-SYSDEF" Name="Pipeline_top.sysdef"/>
  <File Type="ROUTE-METHODOLOGY-DRC-PB" Name="Pipeline_top_methodology_drc_routed.pb"/>
  <File Type="ROUTE-PWR-RPX" Name="Pipeline_top_power_routed.rpx"/>
  <File Type="ROUTE-STATUS" Name="Pipeline_top_route_status.rpt"/>
  <File Type="ROUTE-STATUS-PB" Name="Pipeline_top_route_status.pb"/>
  <File Type="ROUTE-TIMINGSUMMARY" Name="Pipeline_top_timing_summary_routed.rpt"/>
  <File Type="ROUTE-TIMING-PB" Name="Pipeline_top_timing_summary_routed.pb"/>
  <File Type="ROUTE-TIMING-RPX" Name="Pipeline_top_timing_summary_routed.rpx"/>
  <File Type="ROUTE-SIMILARITY" Name="Pipeline_top_incremental_reuse_routed.rpt"/>
  <File Type="ROUTE-CLK" Name="Pipeline_top_clock_utilization_routed.rpt"/>
  <File Type="ROUTE-BUS-SKEW" Name="Pipeline_top_bus_skew_routed.rpt"/>
  <File Type="ROUTE-BUS-SKEW-PB" Name="Pipeline_top_bus_skew_routed.pb"/>
  <File Type="ROUTE-BUS-SKEW-RPX" Name="Pipeline_top_bus_skew_routed.rpx"/>
  <File Type="POSTROUTE-PHYSOPT-DCP" Name="Pipeline_top_postroute_physopt.dcp"/>
  <File Type="POSTROUTE-PHYSOPT-BLACKBOX-DCP" Name="Pipeline_top_postroute_physopt_bb.dcp"/>
  <File Type="POSTROUTE-PHYSOPT-TIMING" Name="Pipeline_top_timing_summary_postroute_physopted.rpt"/>
  <File Type="POSTROUTE-PHYSOPT-TIMING-PB" Name="Pipeline_top_timing_summary_postroute_physopted.pb"/>
  <File Type="POSTROUTE-PHYSOPT-TIMING-RPX" Name="Pipeline_top_timing_summary_postroute_physopted.rpx"/>
  <File Type="POSTROUTE-PHYSOPT-BUS-SKEW" Name="Pipeline_top_bus_skew_postroute_physopted.rpt"/>
  <File Type="POSTROUTE-PHYSOPT-BUS-SKEW-PB" Name="Pipeline_top_bus_skew_postroute_physopted.pb"/>
  <File Type="BG-BIT" Name="Pipeline_top.bit"/>
  <File Type="POSTROUTE-PHYSOPT-BUS-SKEW-RPX" Name="Pipeline_top_bus_skew_postroute_physopted.rpx"/>
  <File Type="BITSTR-RBT" Name="Pipeline_top.rbt"/>
  <File Type="BITSTR-NKY" Name="Pipeline_top.nky"/>
  <File Type="BG-DRC" Name="Pipeline_top.drc"/>
  <File Type="RDI-RDI" Name="Pipeline_top.vdi"/>
  <File Type="WBT-USG" Name="usage_statistics_webtalk.html"/>
  <FileSet Name="sources" Type="DesignSrcs" RelSrcDir="$PSRCDIR/sources_1">
    <Filter Type="Srcs"/>
    <File Path="$PSRCDIR/sources_1/new/Program_Counter.v">
      <FileInfo>
        <Attr Name="UsedIn" Val="synthesis"/>
        <Attr Name="UsedIn" Val="implementation"/>
        <Attr Name="UsedIn" Val="simulation"/>
      </FileInfo>
    </File>
    <File Path="$PSRCDIR/sources_1/new/Data_Memory.v">
      <FileInfo>
        <Attr Name="UsedIn" Val="synthesis"/>
        <Attr Name="UsedIn" Val="implementation"/>
        <Attr Name="UsedIn" Val="simulation"/>
      </FileInfo>
    </File>
    <File Path="$PSRCDIR/sources_1/new/Main_Decoder.v">
      <FileInfo>
        <Attr Name="UsedIn" Val="synthesis"/>
        <Attr Name="UsedIn" Val="implementation"/>
        <Attr Name="UsedIn" Val="simulation"/>
      </FileInfo>
    </File>
    <File Path="$PSRCDIR/sources_1/new/Instruction_Memory.v">
      <FileInfo>
        <Attr Name="UsedIn" Val="synthesis"/>
        <Attr Name="UsedIn" Val="implementation"/>
        <Attr Name="UsedIn" Val="simulation"/>
      </FileInfo>
    </File>
    <File Path="$PSRCDIR/sources_1/new/ALU.v">
      <FileInfo>
        <Attr Name="UsedIn" Val="synthesis"/>
        <Attr Name="UsedIn" Val="implementation"/>
        <Attr Name="UsedIn" Val="simulation"/>
      </FileInfo>
    </File>
    <File Path="$PSRCDIR/sources_1/new/Register_File.v">
      <FileInfo>
        <Attr Name="UsedIn" Val="synthesis"/>
        <Attr Name="UsedIn" Val="implementation"/>
        <Attr Name="UsedIn" Val="simulation"/>
      </FileInfo>
    </File>
    <File Path="$PSRCDIR/sources_1/new/Memory_Cycle.v">
      <FileInfo>
        <Attr Name="UsedIn" Val="synthesis"/>
        <Attr Name="UsedIn" Val="implementation"/>
        <Attr Name="UsedIn" Val="simulation"/>
      </FileInfo>
    </File>
    <File Path="$PSRCDIR/sources_1/new/Sign_Extend.v">
      <FileInfo>
        <Attr Name="UsedIn" Val="synthesis"/>
        <Attr Name="UsedIn" Val="implementation"/>
        <Attr Name="UsedIn" Val="simulation"/>
      </FileInfo>
    </File>
    <File Path="$PSRCDIR/sources_1/new/Execute_Cycle.v">
      <FileInfo>
        <Attr Name="UsedIn" Val="synthesis"/>
        <Attr Name="UsedIn" Val="implementation"/>
        <Attr Name="UsedIn" Val="simulation"/>
      </FileInfo>
    </File>
    <File Path="$PSRCDIR/sources_1/new/Control_Unit_Top.v">
      <FileInfo>
        <Attr Name="UsedIn" Val="synthesis"/>
        <Attr Name="UsedIn" Val="implementation"/>
        <Attr Name="UsedIn" Val="simulation"/>
      </FileInfo>
    </File>
    <File Path="$PSRCDIR/sources_1/new/ALU_Decoder.v">
      <FileInfo>
        <Attr Name="UsedIn" Val="synthesis"/>
        <Attr Name="UsedIn" Val="implementation"/>
        <Attr Name="UsedIn" Val="simulation"/>
      </FileInfo>
    </File>
    <File Path="$PSRCDIR/sources_1/new/PC_Adder.v">
      <FileInfo>
        <Attr Name="UsedIn" Val="synthesis"/>
        <Attr Name="UsedIn" Val="implementation"/>
        <Attr Name="UsedIn" Val="simulation"/>
      </FileInfo>
    </File>
    <File Path="$PSRCDIR/sources_1/new/Mux_2_by_1.v">
      <FileInfo>
        <Attr Name="UsedIn" Val="synthesis"/>
        <Attr Name="UsedIn" Val="implementation"/>
        <Attr Name="UsedIn" Val="simulation"/>
      </FileInfo>
    </File>
    <File Path="$PSRCDIR/sources_1/new/Fetch_Cycle.v">
      <FileInfo>
        <Attr Name="UsedIn" Val="synthesis"/>
        <Attr Name="UsedIn" Val="implementation"/>
        <Attr Name="UsedIn" Val="simulation"/>
      </FileInfo>
    </File>
    <File Path="$PSRCDIR/sources_1/new/Adder.v">
      <FileInfo>
        <Attr Name="UsedIn" Val="synthesis"/>
        <Attr Name="UsedIn" Val="implementation"/>
        <Attr Name="UsedIn" Val="simulation"/>
      </FileInfo>
    </File>
    <File Path="$PSRCDIR/sources_1/new/Decode_Cycle.v">
      <FileInfo>
        <Attr Name="UsedIn" Val="synthesis"/>
        <Attr Name="UsedIn" Val="implementation"/>
        <Attr Name="UsedIn" Val="simulation"/>
      </FileInfo>
    </File>
    <File Path="$PSRCDIR/sources_1/new/Mux_3_by_1.v">
      <FileInfo>
        <Attr Name="UsedIn" Val="synthesis"/>
        <Attr Name="UsedIn" Val="implementation"/>
        <Attr Name="UsedIn" Val="simulation"/>
      </FileInfo>
    </File>
    <File Path="$PSRCDIR/sources_1/new/WriteBack_Cycle.v">
      <FileInfo>
        <Attr Name="UsedIn" Val="synthesis"/>
        <Attr Name="UsedIn" Val="implementation"/>
        <Attr Name="UsedIn" Val="simulation"/>
      </FileInfo>
    </File>
    <File Path="$PSRCDIR/sources_1/new/Five_Stage_Pipeline_Top.v">
      <FileInfo>
        <Attr Name="UsedIn" Val="synthesis"/>
        <Attr Name="UsedIn" Val="implementation"/>
        <Attr Name="UsedIn" Val="simulation"/>
      </FileInfo>
    </File>
    <File Path="$PSRCDIR/sources_1/new/Single_Cycle_Top.v">
      <FileInfo>
        <Attr Name="UsedIn" Val="simulation"/>
      </FileInfo>
    </File>
    <File Path="$PSRCDIR/sources_1/new/Hazard_Unit.v">
      <FileInfo>
        <Attr Name="UsedIn" Val="synthesis"/>
        <Attr Name="UsedIn" Val="implementation"/>
        <Attr Name="UsedIn" Val="simulation"/>
      </FileInfo>
    </File>
    <File Path="$PSRCDIR/sources_1/new/Data_Path.v">
      <FileInfo>
        <Attr Name="UsedIn" Val="simulation"/>
      </FileInfo>
    </File>
    <File Path="$PSRCDIR/sources_1/new/Controller.v">
      <FileInfo>
        <Attr Name="UsedIn" Val="synthesis"/>
        <Attr Name="UsedIn" Val="implementation"/>
        <Attr Name="UsedIn" Val="simulation"/>
      </FileInfo>
    </File>
    <File Path="$PSRCDIR/sources_1/new/Slow_Clock.v">
      <FileInfo>
        <Attr Name="UsedIn" Val="synthesis"/>
        <Attr Name="UsedIn" Val="implementation"/>
        <Attr Name="UsedIn" Val="simulation"/>
      </FileInfo>
    </File>
    <File Path="$PSRCDIR/sources_1/new/Multplex_Reg_Disp.v">
      <FileInfo>
        <Attr Name="UsedIn" Val="synthesis"/>
        <Attr Name="UsedIn" Val="implementation"/>
        <Attr Name="UsedIn" Val="simulation"/>
      </FileInfo>
    </File>
    <Config>
      <Option Name="DesignMode" Val="RTL"/>
      <Option Name="TopModule" Val="Pipeline_top"/>
    </Config>
  </FileSet>
  <FileSet Name="constrs_in" Type="Constrs" RelSrcDir="$PSRCDIR/constrs_1">
    <Filter Type="Constrs"/>
    <File Path="$PSRCDIR/constrs_1/new/piped_keys.xdc">
      <FileInfo>
        <Attr Name="UsedIn" Val="synthesis"/>
        <Attr Name="UsedIn" Val="implementation"/>
      </FileInfo>
    </File>
    <Config>
      <Option Name="TargetConstrsFile" Val="$PSRCDIR/constrs_1/new/piped_keys.xdc"/>
      <Option Name="ConstrsType" Val="XDC"/>
    </Config>
  </FileSet>
  <Strategy Version="1" Minor="2">
    <StratHandle Name="Vivado Implementation Defaults" Flow="Vivado Implementation 2018"/>
    <Step Id="init_design"/>
    <Step Id="opt_design"/>
    <Step Id="power_opt_design"/>
    <Step Id="place_design"/>
    <Step Id="post_place_power_opt_design"/>
    <Step Id="phys_opt_design"/>
    <Step Id="route_design"/>
    <Step Id="post_route_phys_opt_design"/>
    <Step Id="write_bitstream"/>
  </Strategy>
</GenRun>
